video_id,title,description,tags,labels
vid_001,Funny Cat Compilation,A compilation of funny cat videos.,"['funny', 'cat', 'compilation']","['Animals', 'Comedy']"
vid_002,Top 10 Football Goals 2023,The best football goals of the year.,"['football', 'sports', 'goals']",['Sports']
vid_003,How to Bake a Chocolate Cake,Step-by-step guide to baking a chocolate cake.,"['baking', 'cake', 'chocolate']",['Cooking']
vid_004,Yoga for Beginners,A beginner's guide to yoga.,"['yoga', 'fitness', 'beginner']",['Health & Fitness']
vid_005,Latest Tech Gadgets Review,Reviewing the latest tech gadgets.,"['tech', 'gadgets', 'review']",['Technology']
vid_006,Travel Vlog: Paris,Exploring the beautiful city of Paris.,"['travel', 'vlog', 'paris']",['Travel']
vid_007,Learn Python in 10 Minutes,Quick tutorial on Python basics.,"['python', 'tutorial', 'coding']",['Education']
vid_008,Makeup Tutorial for Beginners,Makeup tips for beginners.,"['makeup', 'beauty', 'tutorial']",['Beauty']
vid_009,DIY Home Decor Ideas,Creative DIY home decor ideas.,"['diy', 'home', 'decor']",['Lifestyle']
vid_010,Epic Fails Compilation,A collection of epic fail moments.,"['fails', 'funny', 'compilation']",['Comedy']
vid_011,Funny Cat Compilation,A compilation of funny cat videos.,"['funny', 'cat', 'compilation']","['Animals', 'Comedy']"
vid_012,Top 10 Football Goals 2023,The best football goals of the year.,"['football', 'sports', 'goals']",['Sports']
vid_013,How to Bake a Chocolate Cake,Step-by-step guide to baking a chocolate cake.,"['baking', 'cake', 'chocolate']",['Cooking']
vid_014,Yoga for Beginners,A beginner's guide to yoga.,"['yoga', 'fitness', 'beginner']",['Health & Fitness']
vid_015,Latest Tech Gadgets Review,Reviewing the latest tech gadgets.,"['tech', 'gadgets', 'review']",['Technology']
vid_016,Travel Vlog: Paris,Exploring the beautiful city of Paris.,"['travel', 'vlog', 'paris']",['Travel']
vid_017,Learn Python in 10 Minutes,Quick tutorial on Python basics.,"['python', 'tutorial', 'coding']",['Education']
vid_018,Makeup Tutorial for Beginners,Makeup tips for beginners.,"['makeup', 'beauty', 'tutorial']",['Beauty']
vid_019,DIY Home Decor Ideas,Creative DIY home decor ideas.,"['diy', 'home', 'decor']",['Lifestyle']
vid_020,Epic Fails Compilation,A collection of epic fail moments.,"['fails', 'funny', 'compilation']",['Comedy']
vid_021,Funny Cat Compilation,A compilation of funny cat videos.,"['funny', 'cat', 'compilation']","['Animals', 'Comedy']"
vid_022,Top 10 Football Goals 2023,The best football goals of the year.,"['football', 'sports', 'goals']",['Sports']
vid_023,How to Bake a Chocolate Cake,Step-by-step guide to baking a chocolate cake.,"['baking', 'cake', 'chocolate']",['Cooking']
vid_024,Yoga for Beginners,A beginner's guide to yoga.,"['yoga', 'fitness', 'beginner']",['Health & Fitness']
vid_025,Latest Tech Gadgets Review,Reviewing the latest tech gadgets.,"['tech', 'gadgets', 'review']",['Technology']
vid_026,Travel Vlog: Paris,Exploring the beautiful city of Paris.,"['travel', 'vlog', 'paris']",['Travel']
vid_027,Learn Python in 10 Minutes,Quick tutorial on Python basics.,"['python', 'tutorial', 'coding']",['Education']
vid_028,Makeup Tutorial for Beginners,Makeup tips for beginners.,"['makeup', 'beauty', 'tutorial']",['Beauty']
vid_029,DIY Home Decor Ideas,Creative DIY home decor ideas.,"['diy', 'home', 'decor']",['Lifestyle']
vid_030,Epic Fails Compilation,A collection of epic fail moments.,"['fails', 'funny', 'compilation']",['Comedy']
vid_031,Funny Cat Compilation,A compilation of funny cat videos.,"['funny', 'cat', 'compilation']","['Animals', 'Comedy']"
vid_032,Top 10 Football Goals 2023,The best football goals of the year.,"['football', 'sports', 'goals']",['Sports']
vid_033,How to Bake a Chocolate Cake,Step-by-step guide to baking a chocolate cake.,"['baking', 'cake', 'chocolate']",['Cooking']
vid_034,Yoga for Beginners,A beginner's guide to yoga.,"['yoga', 'fitness', 'beginner']",['Health & Fitness']
vid_035,Latest Tech Gadgets Review,Reviewing the latest tech gadgets.,"['tech', 'gadgets', 'review']",['Technology']
vid_036,Travel Vlog: Paris,Exploring the beautiful city of Paris.,"['travel', 'vlog', 'paris']",['Travel']
vid_037,Learn Python in 10 Minutes,Quick tutorial on Python basics.,"['python', 'tutorial', 'coding']",['Education']
vid_038,Makeup Tutorial for Beginners,Makeup tips for beginners.,"['makeup', 'beauty', 'tutorial']",['Beauty']
vid_039,DIY Home Decor Ideas,Creative DIY home decor ideas.,"['diy', 'home', 'decor']",['Lifestyle']
vid_040,Epic Fails Compilation,A collection of epic fail moments.,"['fails', 'funny', 'compilation']",['Comedy']
vid_041,Funny Cat Compilation,A compilation of funny cat videos.,"['funny', 'cat', 'compilation']","['Animals', 'Comedy']"
vid_042,Top 10 Football Goals 2023,The best football goals of the year.,"['football', 'sports', 'goals']",['Sports']
vid_043,How to Bake a Chocolate Cake,Step-by-step guide to baking a chocolate cake.,"['baking', 'cake', 'chocolate']",['Cooking']
vid_044,Yoga for Beginners,A beginner's guide to yoga.,"['yoga', 'fitness', 'beginner']",['Health & Fitness']
vid_045,Latest Tech Gadgets Review,Reviewing the latest tech gadgets.,"['tech', 'gadgets', 'review']",['Technology']
vid_046,Travel Vlog: Paris,Exploring the beautiful city of Paris.,"['travel', 'vlog', 'paris']",['Travel']
vid_047,Learn Python in 10 Minutes,Quick tutorial on Python basics.,"['python', 'tutorial', 'coding']",['Education']
vid_048,Makeup Tutorial for Beginners,Makeup tips for beginners.,"['makeup', 'beauty', 'tutorial']",['Beauty']
vid_049,DIY Home Decor Ideas,Creative DIY home decor ideas.,"['diy', 'home', 'decor']",['Lifestyle']
vid_050,Epic Fails Compilation,A collection of epic fail moments.,"['fails', 'funny', 'compilation']",['Comedy']
vid_051,Funny Cat Compilation,A compilation of funny cat videos.,"['funny', 'cat', 'compilation']","['Animals', 'Comedy']"
vid_052,Top 10 Football Goals 2023,The best football goals of the year.,"['football', 'sports', 'goals']",['Sports']
vid_053,How to Bake a Chocolate Cake,Step-by-step guide to baking a chocolate cake.,"['baking', 'cake', 'chocolate']",['Cooking']
vid_054,Yoga for Beginners,A beginner's guide to yoga.,"['yoga', 'fitness', 'beginner']",['Health & Fitness']
vid_055,Latest Tech Gadgets Review,Reviewing the latest tech gadgets.,"['tech', 'gadgets', 'review']",['Technology']
vid_056,Travel Vlog: Paris,Exploring the beautiful city of Paris.,"['travel', 'vlog', 'paris']",['Travel']
vid_057,Learn Python in 10 Minutes,Quick tutorial on Python basics.,"['python', 'tutorial', 'coding']",['Education']
vid_058,Makeup Tutorial for Beginners,Makeup tips for beginners.,"['makeup', 'beauty', 'tutorial']",['Beauty']
vid_059,DIY Home Decor Ideas,Creative DIY home decor ideas.,"['diy', 'home', 'decor']",['Lifestyle']
vid_060,Epic Fails Compilation,A collection of epic fail moments.,"['fails', 'funny', 'compilation']",['Comedy']
vid_061,Funny Cat Compilation,A compilation of funny cat videos.,"['funny', 'cat', 'compilation']","['Animals', 'Comedy']"
vid_062,Top 10 Football Goals 2023,The best football goals of the year.,"['football', 'sports', 'goals']",['Sports']
vid_063,How to Bake a Chocolate Cake,Step-by-step guide to baking a chocolate cake.,"['baking', 'cake', 'chocolate']",['Cooking']
vid_064,Yoga for Beginners,A beginner's guide to yoga.,"['yoga', 'fitness', 'beginner']",['Health & Fitness']
vid_065,Latest Tech Gadgets Review,Reviewing the latest tech gadgets.,"['tech', 'gadgets', 'review']",['Technology']
vid_066,Travel Vlog: Paris,Exploring the beautiful city of Paris.,"['travel', 'vlog', 'paris']",['Travel']
vid_067,Learn Python in 10 Minutes,Quick tutorial on Python basics.,"['python', 'tutorial', 'coding']",['Education']
vid_068,Makeup Tutorial for Beginners,Makeup tips for beginners.,"['makeup', 'beauty', 'tutorial']",['Beauty']
vid_069,DIY Home Decor Ideas,Creative DIY home decor ideas.,"['diy', 'home', 'decor']",['Lifestyle']
vid_070,Epic Fails Compilation,A collection of epic fail moments.,"['fails', 'funny', 'compilation']",['Comedy']
vid_071,Funny Cat Compilation,A compilation of funny cat videos.,"['funny', 'cat', 'compilation']","['Animals', 'Comedy']"
vid_072,Top 10 Football Goals 2023,The best football goals of the year.,"['football', 'sports', 'goals']",['Sports']
vid_073,How to Bake a Chocolate Cake,Step-by-step guide to baking a chocolate cake.,"['baking', 'cake', 'chocolate']",['Cooking']
vid_074,Yoga for Beginners,A beginner's guide to yoga.,"['yoga', 'fitness', 'beginner']",['Health & Fitness']
vid_075,Latest Tech Gadgets Review,Reviewing the latest tech gadgets.,"['tech', 'gadgets', 'review']",['Technology']
vid_076,Travel Vlog: Paris,Exploring the beautiful city of Paris.,"['travel', 'vlog', 'paris']",['Travel']
vid_077,Learn Python in 10 Minutes,Quick tutorial on Python basics.,"['python', 'tutorial', 'coding']",['Education']
vid_078,Makeup Tutorial for Beginners,Makeup tips for beginners.,"['makeup', 'beauty', 'tutorial']",['Beauty']
vid_079,DIY Home Decor Ideas,Creative DIY home decor ideas.,"['diy', 'home', 'decor']",['Lifestyle']
vid_080,Epic Fails Compilation,A collection of epic fail moments.,"['fails', 'funny', 'compilation']",['Comedy']
vid_081,Funny Cat Compilation,A compilation of funny cat videos.,"['funny', 'cat', 'compilation']","['Animals', 'Comedy']"
vid_082,Top 10 Football Goals 2023,The best football goals of the year.,"['football', 'sports', 'goals']",['Sports']
vid_083,How to Bake a Chocolate Cake,Step-by-step guide to baking a chocolate cake.,"['baking', 'cake', 'chocolate']",['Cooking']
vid_084,Yoga for Beginners,A beginner's guide to yoga.,"['yoga', 'fitness', 'beginner']",['Health & Fitness']
vid_085,Latest Tech Gadgets Review,Reviewing the latest tech gadgets.,"['tech', 'gadgets', 'review']",['Technology']
vid_086,Travel Vlog: Paris,Exploring the beautiful city of Paris.,"['travel', 'vlog', 'paris']",['Travel']
vid_087,Learn Python in 10 Minutes,Quick tutorial on Python basics.,"['python', 'tutorial', 'coding']",['Education']
vid_088,Makeup Tutorial for Beginners,Makeup tips for beginners.,"['makeup', 'beauty', 'tutorial']",['Beauty']
vid_089,DIY Home Decor Ideas,Creative DIY home decor ideas.,"['diy', 'home', 'decor']",['Lifestyle']
vid_090,Epic Fails Compilation,A collection of epic fail moments.,"['fails', 'funny', 'compilation']",['Comedy']
vid_091,Funny Cat Compilation,A compilation of funny cat videos.,"['funny', 'cat', 'compilation']","['Animals', 'Comedy']"
vid_092,Top 10 Football Goals 2023,The best football goals of the year.,"['football', 'sports', 'goals']",['Sports']
vid_093,How to Bake a Chocolate Cake,Step-by-step guide to baking a chocolate cake.,"['baking', 'cake', 'chocolate']",['Cooking']
vid_094,Yoga for Beginners,A beginner's guide to yoga.,"['yoga', 'fitness', 'beginner']",['Health & Fitness']
vid_095,Latest Tech Gadgets Review,Reviewing the latest tech gadgets.,"['tech', 'gadgets', 'review']",['Technology']
vid_096,Travel Vlog: Paris,Exploring the beautiful city of Paris.,"['travel', 'vlog', 'paris']",['Travel']
vid_097,Learn Python in 10 Minutes,Quick tutorial on Python basics.,"['python', 'tutorial', 'coding']",['Education']
vid_098,Makeup Tutorial for Beginners,Makeup tips for beginners.,"['makeup', 'beauty', 'tutorial']",['Beauty']
vid_099,DIY Home Decor Ideas,Creative DIY home decor ideas.,"['diy', 'home', 'decor']",['Lifestyle']
vid_100,Epic Fails Compilation,A collection of epic fail moments.,"['fails', 'funny', 'compilation']",['Comedy']
vid_101,Funny Cat Compilation,A compilation of funny cat videos.,"['funny', 'cat', 'compilation']","['Animals', 'Comedy']"
vid_102,Top 10 Football Goals 2023,The best football goals of the year.,"['football', 'sports', 'goals']",['Sports']
vid_103,How to Bake a Chocolate Cake,Step-by-step guide to baking a chocolate cake.,"['baking', 'cake', 'chocolate']",['Cooking']
vid_104,Yoga for Beginners,A beginner's guide to yoga.,"['yoga', 'fitness', 'beginner']",['Health & Fitness']
vid_105,Latest Tech Gadgets Review,Reviewing the latest tech gadgets.,"['tech', 'gadgets', 'review']",['Technology']
vid_106,Travel Vlog: Paris,Exploring the beautiful city of Paris.,"['travel', 'vlog', 'paris']",['Travel']
vid_107,Learn Python in 10 Minutes,Quick tutorial on Python basics.,"['python', 'tutorial', 'coding']",['Education']
vid_108,Makeup Tutorial for Beginners,Makeup tips for beginners.,"['makeup', 'beauty', 'tutorial']",['Beauty']
vid_109,DIY Home Decor Ideas,Creative DIY home decor ideas.,"['diy', 'home', 'decor']",['Lifestyle']
vid_110,Epic Fails Compilation,A collection of epic fail moments.,"['fails', 'funny', 'compilation']",['Comedy']
vid_111,Funny Cat Compilation,A compilation of funny cat videos.,"['funny', 'cat', 'compilation']","['Animals', 'Comedy']"
vid_112,Top 10 Football Goals 2023,The best football goals of the year.,"['football', 'sports', 'goals']",['Sports']
vid_113,How to Bake a Chocolate Cake,Step-by-step guide to baking a chocolate cake.,"['baking', 'cake', 'chocolate']",['Cooking']
vid_114,Yoga for Beginners,A beginner's guide to yoga.,"['yoga', 'fitness', 'beginner']",['Health & Fitness']
vid_115,Latest Tech Gadgets Review,Reviewing the latest tech gadgets.,"['tech', 'gadgets', 'review']",['Technology']
vid_116,Travel Vlog: Paris,Exploring the beautiful city of Paris.,"['travel', 'vlog', 'paris']",['Travel']
vid_117,Learn Python in 10 Minutes,Quick tutorial on Python basics.,"['python', 'tutorial', 'coding']",['Education']
vid_118,Makeup Tutorial for Beginners,Makeup tips for beginners.,"['makeup', 'beauty', 'tutorial']",['Beauty']
vid_119,DIY Home Decor Ideas,Creative DIY home decor ideas.,"['diy', 'home', 'decor']",['Lifestyle']
vid_120,Epic Fails Compilation,A collection of epic fail moments.,"['fails', 'funny', 'compilation']",['Comedy']
vid_121,Funny Cat Compilation,A compilation of funny cat videos.,"['funny', 'cat', 'compilation']","['Animals', 'Comedy']"
vid_122,Top 10 Football Goals 2023,The best football goals of the year.,"['football', 'sports', 'goals']",['Sports']
vid_123,How to Bake a Chocolate Cake,Step-by-step guide to baking a chocolate cake.,"['baking', 'cake', 'chocolate']",['Cooking']
vid_124,Yoga for Beginners,A beginner's guide to yoga.,"['yoga', 'fitness', 'beginner']",['Health & Fitness']
vid_125,Latest Tech Gadgets Review,Reviewing the latest tech gadgets.,"['tech', 'gadgets', 'review']",['Technology']
vid_126,Travel Vlog: Paris,Exploring the beautiful city of Paris.,"['travel', 'vlog', 'paris']",['Travel']
vid_127,Learn Python in 10 Minutes,Quick tutorial on Python basics.,"['python', 'tutorial', 'coding']",['Education']
vid_128,Makeup Tutorial for Beginners,Makeup tips for beginners.,"['makeup', 'beauty', 'tutorial']",['Beauty']
vid_129,DIY Home Decor Ideas,Creative DIY home decor ideas.,"['diy', 'home', 'decor']",['Lifestyle']
vid_130,Epic Fails Compilation,A collection of epic fail moments.,"['fails', 'funny', 'compilation']",['Comedy']
vid_131,Funny Cat Compilation,A compilation of funny cat videos.,"['funny', 'cat', 'compilation']","['Animals', 'Comedy']"
vid_132,Top 10 Football Goals 2023,The best football goals of the year.,"['football', 'sports', 'goals']",['Sports']
vid_133,How to Bake a Chocolate Cake,Step-by-step guide to baking a chocolate cake.,"['baking', 'cake', 'chocolate']",['Cooking']
vid_134,Yoga for Beginners,A beginner's guide to yoga.,"['yoga', 'fitness', 'beginner']",['Health & Fitness']
vid_135,Latest Tech Gadgets Review,Reviewing the latest tech gadgets.,"['tech', 'gadgets', 'review']",['Technology']
vid_136,Travel Vlog: Paris,Exploring the beautiful city of Paris.,"['travel', 'vlog', 'paris']",['Travel']
vid_137,Learn Python in 10 Minutes,Quick tutorial on Python basics.,"['python', 'tutorial', 'coding']",['Education']
vid_138,Makeup Tutorial for Beginners,Makeup tips for beginners.,"['makeup', 'beauty', 'tutorial']",['Beauty']
vid_139,DIY Home Decor Ideas,Creative DIY home decor ideas.,"['diy', 'home', 'decor']",['Lifestyle']
vid_140,Epic Fails Compilation,A collection of epic fail moments.,"['fails', 'funny', 'compilation']",['Comedy']
vid_141,Funny Cat Compilation,A compilation of funny cat videos.,"['funny', 'cat', 'compilation']","['Animals', 'Comedy']"
vid_142,Top 10 Football Goals 2023,The best football goals of the year.,"['football', 'sports', 'goals']",['Sports']
vid_143,How to Bake a Chocolate Cake,Step-by-step guide to baking a chocolate cake.,"['baking', 'cake', 'chocolate']",['Cooking']
vid_144,Yoga for Beginners,A beginner's guide to yoga.,"['yoga', 'fitness', 'beginner']",['Health & Fitness']
vid_145,Latest Tech Gadgets Review,Reviewing the latest tech gadgets.,"['tech', 'gadgets', 'review']",['Technology']
vid_146,Travel Vlog: Paris,Exploring the beautiful city of Paris.,"['travel', 'vlog', 'paris']",['Travel']
vid_147,Learn Python in 10 Minutes,Quick tutorial on Python basics.,"['python', 'tutorial', 'coding']",['Education']
vid_148,Makeup Tutorial for Beginners,Makeup tips for beginners.,"['makeup', 'beauty', 'tutorial']",['Beauty']
vid_149,DIY Home Decor Ideas,Creative DIY home decor ideas.,"['diy', 'home', 'decor']",['Lifestyle']
vid_150,Epic Fails Compilation,A collection of epic fail moments.,"['fails', 'funny', 'compilation']",['Comedy']
vid_151,Funny Cat Compilation,A compilation of funny cat videos.,"['funny', 'cat', 'compilation']","['Animals', 'Comedy']"
vid_152,Top 10 Football Goals 2023,The best football goals of the year.,"['football', 'sports', 'goals']",['Sports']
vid_153,How to Bake a Chocolate Cake,Step-by-step guide to baking a chocolate cake.,"['baking', 'cake', 'chocolate']",['Cooking']
vid_154,Yoga for Beginners,A beginner's guide to yoga.,"['yoga', 'fitness', 'beginner']",['Health & Fitness']
vid_155,Latest Tech Gadgets Review,Reviewing the latest tech gadgets.,"['tech', 'gadgets', 'review']",['Technology']
vid_156,Travel Vlog: Paris,Exploring the beautiful city of Paris.,"['travel', 'vlog', 'paris']",['Travel']
vid_157,Learn Python in 10 Minutes,Quick tutorial on Python basics.,"['python', 'tutorial', 'coding']",['Education']
vid_158,Makeup Tutorial for Beginners,Makeup tips for beginners.,"['makeup', 'beauty', 'tutorial']",['Beauty']
vid_159,DIY Home Decor Ideas,Creative DIY home decor ideas.,"['diy', 'home', 'decor']",['Lifestyle']
vid_160,Epic Fails Compilation,A collection of epic fail moments.,"['fails', 'funny', 'compilation']",['Comedy']
vid_161,Funny Cat Compilation,A compilation of funny cat videos.,"['funny', 'cat', 'compilation']","['Animals', 'Comedy']"
vid_162,Top 10 Football Goals 2023,The best football goals of the year.,"['football', 'sports', 'goals']",['Sports']
vid_163,How to Bake a Chocolate Cake,Step-by-step guide to baking a chocolate cake.,"['baking', 'cake', 'chocolate']",['Cooking']
vid_164,Yoga for Beginners,A beginner's guide to yoga.,"['yoga', 'fitness', 'beginner']",['Health & Fitness']
vid_165,Latest Tech Gadgets Review,Reviewing the latest tech gadgets.,"['tech', 'gadgets', 'review']",['Technology']
vid_166,Travel Vlog: Paris,Exploring the beautiful city of Paris.,"['travel', 'vlog', 'paris']",['Travel']
vid_167,Learn Python in 10 Minutes,Quick tutorial on Python basics.,"['python', 'tutorial', 'coding']",['Education']
vid_168,Makeup Tutorial for Beginners,Makeup tips for beginners.,"['makeup', 'beauty', 'tutorial']",['Beauty']
vid_169,DIY Home Decor Ideas,Creative DIY home decor ideas.,"['diy', 'home', 'decor']",['Lifestyle']
vid_170,Epic Fails Compilation,A collection of epic fail moments.,"['fails', 'funny', 'compilation']",['Comedy']
vid_171,Funny Cat Compilation,A compilation of funny cat videos.,"['funny', 'cat', 'compilation']","['Animals', 'Comedy']"
vid_172,Top 10 Football Goals 2023,The best football goals of the year.,"['football', 'sports', 'goals']",['Sports']
vid_173,How to Bake a Chocolate Cake,Step-by-step guide to baking a chocolate cake.,"['baking', 'cake', 'chocolate']",['Cooking']
vid_174,Yoga for Beginners,A beginner's guide to yoga.,"['yoga', 'fitness', 'beginner']",['Health & Fitness']
vid_175,Latest Tech Gadgets Review,Reviewing the latest tech gadgets.,"['tech', 'gadgets', 'review']",['Technology']
vid_176,Travel Vlog: Paris,Exploring the beautiful city of Paris.,"['travel', 'vlog', 'paris']",['Travel']
vid_177,Learn Python in 10 Minutes,Quick tutorial on Python basics.,"['python', 'tutorial', 'coding']",['Education']
vid_178,Makeup Tutorial for Beginners,Makeup tips for beginners.,"['makeup', 'beauty', 'tutorial']",['Beauty']
vid_179,DIY Home Decor Ideas,Creative DIY home decor ideas.,"['diy', 'home', 'decor']",['Lifestyle']
vid_180,Epic Fails Compilation,A collection of epic fail moments.,"['fails', 'funny', 'compilation']",['Comedy']
vid_181,Funny Cat Compilation,A compilation of funny cat videos.,"['funny', 'cat', 'compilation']","['Animals', 'Comedy']"
vid_182,Top 10 Football Goals 2023,The best football goals of the year.,"['football', 'sports', 'goals']",['Sports']
vid_183,How to Bake a Chocolate Cake,Step-by-step guide to baking a chocolate cake.,"['baking', 'cake', 'chocolate']",['Cooking']
vid_184,Yoga for Beginners,A beginner's guide to yoga.,"['yoga', 'fitness', 'beginner']",['Health & Fitness']
vid_185,Latest Tech Gadgets Review,Reviewing the latest tech gadgets.,"['tech', 'gadgets', 'review']",['Technology']
vid_186,Travel Vlog: Paris,Exploring the beautiful city of Paris.,"['travel', 'vlog', 'paris']",['Travel']
vid_187,Learn Python in 10 Minutes,Quick tutorial on Python basics.,"['python', 'tutorial', 'coding']",['Education']
vid_188,Makeup Tutorial for Beginners,Makeup tips for beginners.,"['makeup', 'beauty', 'tutorial']",['Beauty']
vid_189,DIY Home Decor Ideas,Creative DIY home decor ideas.,"['diy', 'home', 'decor']",['Lifestyle']
vid_190,Epic Fails Compilation,A collection of epic fail moments.,"['fails', 'funny', 'compilation']",['Comedy']
vid_191,Funny Cat Compilation,A compilation of funny cat videos.,"['funny', 'cat', 'compilation']","['Animals', 'Comedy']"
vid_192,Top 10 Football Goals 2023,The best football goals of the year.,"['football', 'sports', 'goals']",['Sports']
vid_193,How to Bake a Chocolate Cake,Step-by-step guide to baking a chocolate cake.,"['baking', 'cake', 'chocolate']",['Cooking']
vid_194,Yoga for Beginners,A beginner's guide to yoga.,"['yoga', 'fitness', 'beginner']",['Health & Fitness']
vid_195,Latest Tech Gadgets Review,Reviewing the latest tech gadgets.,"['tech', 'gadgets', 'review']",['Technology']
vid_196,Travel Vlog: Paris,Exploring the beautiful city of Paris.,"['travel', 'vlog', 'paris']",['Travel']
vid_197,Learn Python in 10 Minutes,Quick tutorial on Python basics.,"['python', 'tutorial', 'coding']",['Education']
vid_198,Makeup Tutorial for Beginners,Makeup tips for beginners.,"['makeup', 'beauty', 'tutorial']",['Beauty']
vid_199,DIY Home Decor Ideas,Creative DIY home decor ideas.,"['diy', 'home', 'decor']",['Lifestyle']
vid_200,Epic Fails Compilation,A collection of epic fail moments.,"['fails', 'funny', 'compilation']",['Comedy']
